Volunteer_ID,Volunteer_Name,Department,Contact_Number
1,Adrian Johnson,CIVIL,592-978-5867x99000
2,Eric Lindsey,MECH,996.545.0302x91121
3,Lauren Haynes,CSE,(447)559-4430x1355
4,Kelly Taylor,CIVIL,(982)963-0753x762
5,Toni Mcclure,EEE,811-554-6981
6,Dakota Fernandez,CIVIL,657-648-1370x654
7,Clarence Bowman,IT,395-538-0468
8,Karen Villarreal,IT,(917)973-7622x343
9,Amber Lee,IT,328-832-8703x526
10,Manuel Oneill,MECH,+1-536-594-6489x4708
11,Michael Robinson,IT,+1-690-776-1887x13101
12,Marcus Nguyen,IT,696-827-7346
13,Ryan Henry,CIVIL,367-482-2691
14,Travis Nicholson,IT,657-678-2563x7828
15,Joseph Lewis,MECH,(913)884-1186x1956
16,Jonathan Johnson,AIDS,(786)335-4514
17,Kenneth Hall,ECE,(593)548-0111x78203
18,Jesse Green,EEE,533-492-0451x612
19,Molly Bell,EEE,239.214.9547
20,Daniel Price,ECE,246.958.4219x0013
